<?xml version="1.0" encoding="UTF-8"?>
<!-- 
   Copyright (C) 2018, 2020 Acoustic, L.P. All rights reserved.  
   NOTICE: This file contains material that is confidential and proprietary to
   Acoustic, L.P. and/or other developers. No license is granted under any intellectual or
   industrial property rights of Acoustic, L.P. except as may be provided in an agreement with
   Acoustic, L.P. Any unauthorized copying or distribution of content from this file is prohibited.
-->
<configuration> 
  <appender name="stdout" class="ch.qos.logback.core.ConsoleAppender">
    <encoder>
      <pattern>%date{ISO8601} %-5level %message%n%ex{3}</pattern>
    </encoder>
  </appender>
  <appender name="A1" class="ch.qos.logback.core.rolling.RollingFileAppender">   
    <File></File>
    <append>true</append>    
    <encoder>
      <pattern>%date{ISO8601} %property{HOSTNAME}-%property{SCRIPT}-%property{PID} %-5level %message%n%ex{3}</pattern>
      <charset>UTF-8</charset>      
    </encoder>
    <filter class="ch.qos.logback.classic.filter.ThresholdFilter">
      <level>DEBUG</level>
    </filter>
    <rollingPolicy class="ch.qos.logback.core.rolling.TimeBasedRollingPolicy">
      <!--  By default cs.log will go back for 14 days, set maxHistory to a different value
            to change the # of days that are kept. 
      -->      
      <maxHistory>14</maxHistory>
      <cleanHistoryOnStart>true</cleanHistoryOnStart>      
      <FileNamePattern>${CU_HOME}/logs/cu.%d{yyyy-MM-dd}.log</FileNamePattern>
    </rollingPolicy>    
    <!-- prudent must be set to true, otherwise multiple scripts can't reliably write to same file -->
    <prudent>true</prudent>
  </appender>
  <!-- uncomment this <logger> element to log XML requests to and replies from Engage  
       <logger name="api.XMLAPIManager" level="DEBUG" /> 
  -->
  <root level="INFO">
    <appender-ref ref="stdout"/>
    <appender-ref ref="A1"/>
  </root>
</configuration>